Unnamed: 0,player_name,team_abbreviation,age,player_height,player_weight,college,country,draft_year,draft_round,draft_number,gp,pts,reb,ast,net_rating,oreb_pct,dreb_pct,usg_pct,ts_pct,ast_pct,season,allstar
1368,Dikembe Mutombo,ATL,34.0,218.44,118.38751200000002,Georgetown,Congo,1991,1,4,82,11.5,14.1,1.3,-2.5,0.114,0.308,0.141,0.621,0.054000000000000006,2000,1
1381,Jason Kidd,PHX,27.0,193.04,96.161504,California,USA,1994,1,2,67,14.3,7.2,10.1,5.8,0.041,0.16399999999999998,0.199,0.498,0.395,2000,1
1393,Jerry Stackhouse,DET,25.0,198.12,98.883056,North Carolina,USA,1995,1,3,82,23.6,3.8,4.5,0.0,0.043,0.07200000000000001,0.289,0.545,0.2,2000,1
1403,Gary Payton,SEA,31.0,193.04,81.64656,Oregon State,USA,1990,1,2,82,24.2,6.5,8.9,2.9,0.032,0.139,0.268,0.535,0.368,2000,1
1410,Glenn Robinson,MIL,27.0,200.66,104.32616,Purdue,USA,1994,1,1,81,20.9,6.0,2.4,1.8,0.043,0.149,0.273,0.534,0.112,2000,1
1411,Grant Hill,DET,27.0,203.2,102.0582,Duke,USA,1994,1,3,74,25.8,6.6,5.2,3.7,0.041,0.16399999999999998,0.304,0.565,0.253,2000,1
1413,David Robinson,SAS,34.0,215.9,113.398,Navy,USA,1987,1,1,80,17.8,9.6,1.8,8.5,0.091,0.251,0.26,0.568,0.101,2000,1
1432,Antonio McDyess,DEN,25.0,205.74,99.79024,Alabama,USA,1995,1,2,81,19.1,8.5,2.0,-3.6,0.095,0.183,0.271,0.539,0.108,2000,1
1453,Antonio Davis,TOR,31.0,205.74,104.32616,Texas-El Paso,USA,1990,2,45,79,11.5,8.8,1.3,0.6,0.106,0.213,0.179,0.52,0.066,2000,1
1464,Allan Houston,NYK,29.0,198.12,90.7184,Tennessee,USA,1993,1,11,82,19.7,3.3,2.7,2.6,0.015,0.085,0.24,0.569,0.13,2000,1
1465,Allen Iverson,PHI,25.0,182.88,74.84268,Georgetown,USA,1996,1,1,70,28.4,3.8,4.7,1.2,0.027000000000000003,0.078,0.339,0.496,0.22,2000,1
1466,Alonzo Mourning,MIA,30.0,208.28,118.38751200000002,Georgetown,USA,1992,1,2,79,21.7,9.5,1.6,5.8,0.096,0.212,0.282,0.596,0.086,2000,1
1477,Anthony Mason,CHH,33.0,203.2,122.46984,Tennessee State,USA,1988,3,53,82,11.6,8.5,4.5,3.2,0.053,0.196,0.145,0.56,0.184,2000,1
1485,Chris Webber,SAC,27.0,208.28,111.13004,Michigan,USA,1993,1,1,75,24.5,10.5,4.6,1.3,0.069,0.21600000000000005,0.282,0.53,0.207,2000,1
1539,Rasheed Wallace,POR,25.0,210.82,102.0582,North Carolina,USA,1995,1,4,81,16.4,7.0,1.8,9.5,0.057,0.172,0.219,0.556,0.085,2000,1
1556,Shaquille O'Neal,LAL,28.0,215.9,142.88148,Louisiana State,USA,1992,1,1,79,29.7,13.6,3.8,11.0,0.116,0.246,0.313,0.578,0.184,2000,1
1567,Ray Allen,MIL,24.0,195.58,92.98636,Connecticut,USA,1996,1,5,82,22.1,4.4,3.8,1.7,0.032,0.104,0.254,0.57,0.166,2000,1
1591,Stephon Marbury,NJN,23.0,187.96,81.64656,Georgia Tech,USA,1996,1,4,74,22.2,3.2,8.4,0.0,0.022,0.071,0.277,0.528,0.38,2000,1
1604,Vince Carter,TOR,23.0,200.66,97.52228,North Carolina,USA,1998,1,5,82,25.7,5.8,3.9,3.6,0.052000000000000005,0.12,0.299,0.5429999999999999,0.195,2000,1
1607,Vlade Divac,SAC,32.0,215.9,117.93392,None,Serbia and Montenegro,1989,1,26,82,12.3,8.0,3.0,2.5,0.075,0.205,0.19,0.552,0.14800000000000002,2000,1
1618,Tracy McGrady,TOR,21.0,203.2,95.25431999999999,None,USA,1997,1,9,79,15.4,6.3,3.3,0.4,0.084,0.146,0.246,0.509,0.192,2000,1
1628,Theo Ratliff,PHI,27.0,208.28,102.0582,Wyoming,USA,1995,1,18,57,11.9,7.6,0.6,3.3,0.08800000000000001,0.179,0.175,0.568,0.032,2000,1
1630,Tim Duncan,SAS,24.0,213.36,117.93392,Wake Forest,US Virgin Islands,1997,1,1,74,23.2,12.4,3.2,9.5,0.109,0.244,0.28600000000000003,0.555,0.152,2000,1
1649,Kobe Bryant,LAL,21.0,200.66,95.25431999999999,None,USA,1996,1,13,66,22.5,6.3,4.9,10.4,0.046,0.128,0.266,0.546,0.215,2000,1
1659,Latrell Sprewell,NYK,29.0,195.58,86.18248,Alabama,USA,1992,1,24,82,18.6,4.3,4.0,2.9,0.018000000000000002,0.104,0.246,0.515,0.18,2000,1
1689,Karl Malone,UTA,36.0,205.74,116.119552,Louisiana Tech,USA,1985,1,13,82,25.5,9.5,3.7,7.8,0.07400000000000001,0.251,0.318,0.5820000000000001,0.197,2000,1
1698,Kevin Garnett,MIN,24.0,210.82,99.79024,None,USA,1995,1,5,81,22.9,11.8,5.0,5.7,0.08,0.267,0.276,0.545,0.211,2000,1
1746,Michael Finley,DAL,27.0,200.66,97.52228,Wisconsin,USA,1995,1,21,82,22.6,6.3,5.3,0.0,0.038,0.121,0.252,0.522,0.213,2000,1
1769,Elton Brand,CHI,22.0,203.2,117.93392,Duke,USA,1999,1,1,74,20.1,10.1,3.2,-8.8,0.113,0.196,0.262,0.523,0.16399999999999998,2001,1
1803,Dikembe Mutombo,PHI,35.0,218.44,120.20188,Georgetown,Congo,1991,1,4,75,10.0,13.5,1.0,0.6,0.135,0.294,0.146,0.547,0.048,2001,1
1805,Dirk Nowitzki,DAL,23.0,210.82,107.501304,None,Germany,1998,1,9,82,21.8,9.2,2.1,7.8,0.044,0.22,0.237,0.601,0.092,2001,1
1829,Jason Kidd,PHX,28.0,193.04,96.161504,California,USA,1994,1,2,77,16.9,6.4,9.8,2.0,0.033,0.151,0.227,0.51,0.419,2001,1
1854,Gary Payton,SEA,32.0,193.04,81.64656,Oregon State,USA,1990,1,2,79,23.1,4.6,8.1,-0.6,0.025,0.101,0.27,0.522,0.364,2001,1
1875,Baron Davis,CHH,22.0,190.5,96.161504,UCLA,USA,1999,1,3,82,13.8,5.0,7.3,4.9,0.046,0.099,0.192,0.512,0.319,2001,1
1898,Jermaine O'Neal,IND,22.0,210.82,102.511792,None,USA,1996,1,17,81,12.9,9.8,1.2,0.7,0.111,0.22,0.214,0.501,0.066,2001,1
1907,Allen Iverson,PHI,26.0,182.88,74.84268,Georgetown,USA,1996,1,1,71,31.1,3.8,4.6,5.7,0.019,0.081,0.354,0.518,0.226,2001,1
1908,Alonzo Mourning,MIA,31.0,208.28,118.38751200000002,Georgetown,USA,1992,1,2,13,13.6,7.8,0.9,5.9,0.142,0.232,0.301,0.536,0.079,2001,1
1921,Antoine Walker,BOS,24.0,205.74,111.13004,Kentucky,USA,1996,1,6,81,23.4,8.9,5.5,-1.9,0.05,0.204,0.292,0.505,0.261,2001,1
1974,Chris Webber,SAC,28.0,208.28,111.13004,Michigan,USA,1993,1,1,70,27.1,11.1,4.2,6.3,0.069,0.22,0.313,0.516,0.202,2001,1
1980,Wally Szczerbiak,MIN,24.0,200.66,110.676448,Miami (OH),USA,1999,1,6,82,14.0,5.5,3.2,4.7,0.053,0.125,0.182,0.5660000000000001,0.141,2001,1
2038,Karl Malone,UTA,37.0,205.74,116.119552,Louisiana Tech,USA,1985,1,13,81,23.2,8.3,4.5,5.8,0.05,0.236,0.299,0.5720000000000001,0.234,2001,1
2079,Kobe Bryant,LAL,22.0,200.66,95.25431999999999,None,USA,1996,1,13,68,28.5,5.9,5.0,6.3,0.042,0.117,0.315,0.552,0.22,2001,1
2084,Kevin Garnett,MIN,25.0,210.82,99.79024,None,USA,1995,1,5,81,22.0,11.4,5.0,3.7,0.078,0.252,0.271,0.531,0.215,2001,1
2088,Paul Pierce,BOS,23.0,198.12,104.32616,Kansas,USA,1998,1,10,82,25.3,6.4,3.1,-1.3,0.034,0.16699999999999998,0.306,0.563,0.166,2001,1
2096,Tim Duncan,SAS,25.0,213.36,117.93392,Wake Forest,US Virgin Islands,1997,1,1,82,22.2,12.2,3.0,12.3,0.097,0.246,0.287,0.536,0.15,2001,1
2105,Steve Nash,DAL,27.0,190.5,88.45044,Santa Clara,Canada,1996,1,15,70,15.6,3.2,7.3,6.5,0.023,0.078,0.211,0.603,0.335,2001,1
2108,Steve Francis,HOU,24.0,190.5,87.543256,Maryland,USA,1999,1,2,80,19.9,6.9,6.5,2.6,0.071,0.129,0.241,0.563,0.278,2001,1
2120,Peja Stojakovic,SAC,24.0,205.74,103.872568,None,Serbia and Montenegro,1996,1,14,75,20.4,5.8,2.2,5.7,0.036000000000000004,0.124,0.223,0.5760000000000001,0.094,2001,1
2125,Vince Carter,TOR,24.0,198.12,102.0582,North Carolina,USA,1998,1,5,75,27.6,5.5,3.9,5.1,0.065,0.093,0.305,0.551,0.187,2001,1
2138,Tracy McGrady,ORL,22.0,203.2,95.25431999999999,None,USA,1997,1,9,77,26.8,7.5,4.6,4.5,0.067,0.142,0.311,0.521,0.218,2001,1
2157,Ray Allen,MIL,25.0,195.58,92.98636,Connecticut,USA,1996,1,5,82,22.0,5.2,4.6,6.6,0.037000000000000005,0.116,0.242,0.61,0.199,2001,1
2176,Shareef Abdur-Rahim,VAN,24.0,205.74,104.32616,California,USA,1996,1,3,81,20.5,9.1,3.1,-7.3,0.063,0.195,0.245,0.5489999999999999,0.142,2001,1
2177,Shaquille O'Neal,LAL,29.0,215.9,142.88148,Louisiana State,USA,1992,1,1,74,28.7,12.7,3.7,7.9,0.116,0.247,0.318,0.574,0.177,2001,1
2208,Michael Jordan,WAS,39.0,198.12,97.975872,North Carolina,USA,1984,1,3,60,22.9,5.7,5.2,-0.3,0.027000000000000003,0.163,0.361,0.468,0.295,2002,1
2233,Peja Stojakovic,SAC,25.0,205.74,103.872568,None,Serbia and Montenegro,1996,1,14,71,21.2,5.3,2.5,7.5,0.03,0.12,0.234,0.5920000000000001,0.106,2002,1
2234,Paul Pierce,BOS,24.0,198.12,104.32616,Kansas,USA,1998,1,10,82,26.1,6.9,3.2,5.3,0.026,0.166,0.293,0.57,0.153,2002,1
2254,Kevin Garnett,MIN,26.0,210.82,99.79024,None,USA,1995,1,5,81,21.2,12.1,5.2,5.8,0.091,0.264,0.261,0.536,0.22,2002,1
2279,Kobe Bryant,LAL,23.0,200.66,95.25431999999999,None,USA,1996,1,13,80,25.2,5.5,5.5,7.6,0.041,0.118,0.304,0.544,0.254,2002,1
2313,Tracy McGrady,ORL,23.0,203.2,95.25431999999999,None,USA,1997,1,9,76,25.6,7.8,5.3,4.6,0.057,0.171,0.311,0.532,0.25,2002,1
2324,Tim Duncan,SAS,26.0,213.36,117.93392,Wake Forest,US Virgin Islands,1997,1,1,82,25.5,12.7,3.7,8.7,0.097,0.257,0.29100000000000004,0.5760000000000001,0.182,2002,1
2336,Zydrunas Ilgauskas,CLE,27.0,220.98,117.93392,None,Lithuania,1996,1,20,62,11.1,5.4,1.1,-4.1,0.125,0.181,0.272,0.501,0.096,2002,1
2353,Vince Carter,TOR,25.0,198.12,102.0582,North Carolina,USA,1998,1,5,60,24.7,5.2,4.0,1.5,0.063,0.085,0.302,0.515,0.19,2002,1
2391,Steve Nash,DAL,28.0,190.5,88.45044,Santa Clara,Canada,1996,1,15,82,17.9,3.1,7.7,5.2,0.02,0.077,0.23,0.602,0.355,2002,1
2394,Steve Francis,HOU,25.0,190.5,88.45044,Maryland,USA,1999,1,2,57,21.6,7.0,6.4,-1.6,0.051,0.142,0.281,0.517,0.281,2002,1
2395,Stephon Marbury,PHX,25.0,187.96,81.64656,Georgia Tech,USA,1996,1,4,82,20.4,3.2,8.1,-1.7,0.026,0.069,0.265,0.519,0.355,2002,1
2401,Shawn Marion,PHX,24.0,200.66,97.52228,Nevada-Las Vegas,USA,1999,1,9,81,19.1,9.9,2.0,0.0,0.075,0.217,0.235,0.518,0.091,2002,1
2405,Shaquille O'Neal,LAL,30.0,215.9,142.88148,Louisiana State,USA,1992,1,1,67,27.2,10.7,3.0,11.5,0.11,0.211,0.318,0.59,0.157,2002,1
2422,Chris Webber,SAC,29.0,208.28,111.13004,Michigan,USA,1993,1,1,54,24.5,10.1,4.8,9.4,0.081,0.201,0.29,0.54,0.21,2002,1
2474,Antoine Walker,BOS,25.0,205.74,111.13004,Kentucky,USA,1996,1,6,81,22.1,8.8,5.0,3.7,0.047,0.18600000000000005,0.277,0.49,0.224,2002,1
2490,Allen Iverson,PHI,27.0,182.88,74.84268,Georgetown,USA,1996,1,1,60,31.4,4.5,5.5,5.1,0.019,0.093,0.371,0.489,0.266,2002,1
2514,Brad Miller,IND,26.0,213.36,118.38751200000002,Purdue,USA,Undrafted,Undrafted,Undrafted,76,13.6,8.2,2.0,-5.3,0.128,0.193,0.204,0.5720000000000001,0.124,2002,1
2520,Ben Wallace,DET,27.0,205.74,108.86208,Virginia Union,USA,Undrafted,Undrafted,Undrafted,80,7.6,13.0,1.4,3.7,0.127,0.292,0.106,0.522,0.062,2002,1
2555,Jamal Mashburn,CHH,29.0,203.2,112.037224,Kentucky,USA,1993,1,4,40,21.5,6.1,4.3,1.8,0.022,0.149,0.276,0.505,0.202,2002,1
2564,Jermaine O'Neal,IND,23.0,210.82,109.76926399999999,None,USA,1996,1,17,72,19.0,10.5,1.6,1.7,0.08199999999999999,0.225,0.251,0.521,0.079,2002,1
2573,Jason Kidd,NJN,29.0,193.04,96.161504,California,USA,1994,1,2,82,14.7,7.3,9.9,5.7,0.047,0.16899999999999998,0.221,0.484,0.407,2002,1
2609,Dirk Nowitzki,DAL,24.0,213.36,111.13004,None,Germany,1998,1,9,76,23.4,9.9,2.4,6.6,0.048,0.24,0.254,0.599,0.105,2002,1
2618,Gary Payton,SEA,33.0,193.04,81.64656,Oregon State,USA,1990,1,2,82,22.1,4.8,9.0,3.2,0.029,0.11,0.271,0.526,0.391,2002,1
2702,Andrei Kirilenko,UTA,22.0,205.74,102.0582,None,Russia,1999,1,24,80,12.0,5.3,1.7,2.1,0.083,0.145,0.194,0.598,0.11,2003,1
2708,Allen Iverson,PHI,28.0,182.88,74.84268,Georgetown,USA,1996,1,1,82,27.6,4.2,5.5,1.8,0.022,0.095,0.327,0.5,0.248,2003,1
2727,Brad Miller,IND,27.0,213.36,118.38751200000002,Purdue,USA,Undrafted,Undrafted,Undrafted,73,13.1,8.3,2.6,6.0,0.097,0.198,0.187,0.579,0.14,2003,1
2735,Ben Wallace,DET,28.0,205.74,108.86208,Virginia Union,USA,Undrafted,Undrafted,Undrafted,73,6.9,15.4,1.6,5.0,0.12,0.345,0.103,0.486,0.069,2003,1
2736,Baron Davis,NOH,24.0,190.5,101.151016,UCLA,USA,1999,1,3,50,17.1,3.7,6.4,4.7,0.034,0.081,0.243,0.5,0.302,2003,1
2755,Jamaal Magloire,NOH,25.0,210.82,117.480328,Kentucky,Canada,2000,1,19,82,10.3,8.8,1.1,2.4,0.123,0.223,0.174,0.541,0.058,2003,1
2785,Jermaine O'Neal,IND,24.0,210.82,109.76926399999999,None,USA,1996,1,17,77,20.8,10.3,2.0,3.1,0.08199999999999999,0.225,0.264,0.539,0.105,2003,1
2795,Jason Kidd,NJN,30.0,193.04,96.161504,California,USA,1994,1,2,80,18.7,6.3,8.9,7.6,0.042,0.14800000000000002,0.255,0.526,0.407,2003,1
2812,Dirk Nowitzki,DAL,25.0,213.36,111.13004,None,Germany,1998,1,9,80,25.1,9.9,3.0,12.9,0.029,0.249,0.273,0.581,0.129,2003,1
2854,Sam Cassell,MIL,33.0,190.5,83.91452,Florida State,USA,1993,1,24,78,19.7,4.4,5.8,-1.2,0.024,0.124,0.262,0.565,0.293,2003,1
2866,Shaquille O'Neal,LAL,31.0,215.9,151.95332,Louisiana State,USA,1992,1,1,67,27.5,11.1,3.1,6.9,0.12,0.214,0.303,0.602,0.15,2003,1
2884,Ray Allen,SEA,27.0,195.58,92.98636,Connecticut,USA,1996,1,5,76,22.5,5.0,4.4,2.6,0.039,0.118,0.28,0.565,0.217,2003,1
2904,Steve Francis,HOU,26.0,190.5,88.45044,Maryland,USA,1999,1,2,81,21.0,6.2,6.2,2.4,0.057,0.115,0.259,0.541,0.278,2003,1
2911,Vince Carter,TOR,26.0,198.12,102.0582,North Carolina,USA,1998,1,5,43,20.6,4.4,3.3,-1.2,0.045,0.101,0.279,0.532,0.181,2003,1
2923,Yao Ming,HOU,22.0,226.06,134.26323200000002,None,China,2002,1,1,82,13.5,8.2,1.7,2.2,0.099,0.223,0.222,0.57,0.104,2003,1
2942,Tim Duncan,SAS,27.0,213.36,117.93392,Wake Forest,US Virgin Islands,1997,1,1,81,23.3,12.9,3.9,9.1,0.1,0.268,0.279,0.564,0.191,2003,1
2953,Tracy McGrady,ORL,24.0,203.2,95.25431999999999,None,USA,1997,1,9,75,32.1,6.5,5.5,3.5,0.046,0.147,0.35,0.564,0.282,2003,1
3004,Kenyon Martin,NJN,25.0,205.74,106.140528,Cincinnati,USA,2000,1,1,77,16.7,8.3,2.4,7.3,0.073,0.208,0.247,0.511,0.126,2003,1
3007,Kevin Garnett,MIN,27.0,210.82,99.79024,None,USA,1995,1,5,82,23.0,13.4,6.0,6.8,0.086,0.282,0.262,0.5529999999999999,0.249,2003,1
3011,Kobe Bryant,LAL,24.0,200.66,97.52228,None,USA,1996,1,13,82,30.0,6.9,5.9,3.7,0.035,0.152,0.329,0.55,0.268,2003,1
3027,Paul Pierce,BOS,25.0,198.12,104.32616,Kansas,USA,1998,1,10,79,25.9,7.3,4.4,2.7,0.038,0.179,0.329,0.532,0.236,2003,1
3029,Peja Stojakovic,SAC,26.0,208.28,103.872568,None,Serbia and Montenegro,1996,1,14,72,19.2,5.5,2.0,8.2,0.028,0.13699999999999998,0.223,0.6,0.08900000000000001,2003,1
3050,Metta World Peace,IND,23.0,200.66,111.583632,St. John's (NY),USA,1999,1,16,69,15.5,5.2,2.9,7.6,0.051,0.122,0.223,0.529,0.14400000000000002,2003,1
3063,Michael Redd,MIL,23.0,198.12,97.52228,Ohio State,USA,2000,2,43,82,15.1,4.5,1.4,2.6,0.05,0.14,0.224,0.59,0.08900000000000001,2003,1
3103,Paul Pierce,BOS,26.0,198.12,104.32616,Kansas,USA,1998,1,10,80,23.0,6.5,5.1,-0.1,0.026,0.163,0.304,0.517,0.249,2004,1
3120,LeBron James,CLE,19.0,203.2,108.86208,None,USA,2003,1,1,79,20.9,5.5,5.9,-2.6,0.035,0.117,0.28,0.488,0.268,2004,1
3128,Kobe Bryant,LAL,25.0,198.12,99.79024,None,USA,1996,1,13,65,24.0,5.5,5.1,6.2,0.047,0.119,0.28600000000000003,0.551,0.237,2004,1
3134,Kevin Garnett,MIN,28.0,210.82,108.86208,None,USA,1995,1,5,82,24.2,13.9,5.0,10.4,0.092,0.298,0.294,0.547,0.233,2004,1
3172,Manu Ginobili,SAS,26.0,198.12,95.25431999999999,None,Argentina,1999,2,57,77,12.8,4.5,3.8,8.7,0.043,0.128,0.217,0.536,0.218,2004,1
3181,Tracy McGrady,ORL,25.0,203.2,95.25431999999999,None,USA,1997,1,9,67,28.0,6.0,5.5,-7.1,0.039,0.131,0.33,0.526,0.272,2004,1
3190,Tim Duncan,SAS,28.0,213.36,117.93392,Wake Forest,US Virgin Islands,1997,1,1,69,22.3,12.4,3.1,11.3,0.103,0.276,0.3,0.534,0.17,2004,1
3201,Steve Nash,DAL,30.0,190.5,88.45044,Santa Clara,Canada,1996,1,15,78,14.5,3.0,8.8,4.7,0.024,0.073,0.193,0.59,0.37,2004,1
3204,Zydrunas Ilgauskas,CLE,29.0,220.98,117.93392,None,Lithuania,1996,1,20,81,15.3,8.1,1.3,-3.7,0.122,0.163,0.229,0.541,0.07400000000000001,2004,1
3211,Yao Ming,HOU,23.0,228.6,140.61352,None,China,2002,1,1,82,17.5,9.0,1.5,3.6,0.093,0.22,0.252,0.586,0.09,2004,1
3222,Vince Carter,TOR,27.0,198.12,102.0582,North Carolina,USA,1998,1,5,73,22.5,4.8,4.8,0.4,0.038,0.104,0.321,0.501,0.262,2004,1
3229,Rashard Lewis,SEA,24.0,208.28,97.52228,None,USA,1998,2,32,80,17.8,6.5,2.2,-0.2,0.053,0.151,0.233,0.527,0.105,2004,1
3252,Ray Allen,SEA,28.0,195.58,92.98636,Connecticut,USA,1996,1,5,56,23.0,5.1,4.8,1.5,0.038,0.118,0.278,0.5660000000000001,0.223,2004,1
3265,Shawn Marion,PHX,26.0,200.66,97.52228,Nevada-Las Vegas,USA,1999,1,9,79,19.0,9.3,2.7,-2.9,0.07400000000000001,0.189,0.227,0.513,0.116,2004,1
3268,Shaquille O'Neal,LAL,32.0,215.9,154.22128,Louisiana State,USA,1992,1,1,67,21.5,11.5,2.9,8.3,0.114,0.232,0.26,0.578,0.14,2004,1
3348,Antawn Jamison,DAL,28.0,205.74,102.0582,North Carolina,USA,1998,1,4,82,14.8,6.3,0.9,6.1,0.104,0.135,0.206,0.581,0.047,2004,1
3355,Amar'e Stoudemire,PHX,21.0,208.28,111.13004,None,USA,2002,1,9,55,20.6,9.0,1.4,-2.8,0.08800000000000001,0.188,0.274,0.536,0.07,2004,1
3391,Ben Wallace,DET,29.0,205.74,108.86208,Virginia Union,USA,Undrafted,Undrafted,Undrafted,81,9.5,12.4,1.7,7.8,0.121,0.254,0.152,0.441,0.075,2004,1
3447,Jermaine O'Neal,IND,25.0,210.82,109.76926399999999,None,USA,1996,1,17,78,20.1,10.0,2.1,8.3,0.08,0.247,0.3,0.489,0.119,2004,1
3463,Dwyane Wade,MIA,22.0,193.04,96.161504,Marquette,USA,2003,1,5,61,16.2,4.0,4.5,1.9,0.046,0.08800000000000001,0.246,0.53,0.241,2004,1
3469,Dirk Nowitzki,DAL,26.0,213.36,111.13004,None,Germany,1998,1,9,77,21.8,8.7,2.7,7.2,0.033,0.221,0.246,0.561,0.11,2004,1
3492,Gilbert Arenas,WAS,22.0,190.5,86.636072,Arizona,USA,2001,2,30,55,19.6,4.6,5.0,-5.5,0.029,0.109,0.268,0.512,0.244,2004,1
3507,Allen Iverson,PHI,29.0,182.88,74.84268,Georgetown,USA,1996,1,1,48,26.4,3.7,6.8,-2.1,0.019,0.079,0.343,0.478,0.325,2004,1
3540,Pau Gasol,MEM,24.0,213.36,108.86208,None,Spain,2001,1,3,56,17.8,7.3,2.4,4.1,0.08900000000000001,0.183,0.26,0.5820000000000001,0.14300000000000002,2005,1
3570,Kobe Bryant,LAL,26.0,198.12,99.79024,None,USA,1996,1,13,66,27.6,5.9,6.0,-2.2,0.04,0.125,0.316,0.563,0.287,2005,1
3578,Kevin Garnett,MIN,29.0,210.82,99.79024,None,USA,1995,1,5,82,22.2,13.5,5.7,1.2,0.095,0.303,0.269,0.5670000000000001,0.264,2005,1
3617,LeBron James,CLE,20.0,203.2,108.86208,None,USA,2003,1,1,80,27.2,7.4,7.2,1.9,0.038,0.17,0.297,0.5539999999999999,0.324,2005,1
3627,Tracy McGrady,HOU,26.0,203.2,95.25431999999999,None,USA,1997,1,9,78,25.7,6.2,5.7,4.0,0.027000000000000003,0.149,0.309,0.526,0.276,2005,1
3629,Tony Parker,SAS,23.0,187.96,80.28578399999998,None,France,2001,1,28,80,16.6,3.7,6.1,9.7,0.02,0.107,0.25,0.528,0.32299999999999995,2005,1
3638,Tim Duncan,SAS,29.0,210.82,117.93392,Wake Forest,US Virgin Islands,1997,1,1,66,20.3,11.1,2.7,16.7,0.111,0.277,0.29100000000000004,0.54,0.151,2005,1
3647,Steve Nash,PHX,31.0,190.5,88.45044,Santa Clara,Canada,1996,1,15,75,15.5,3.3,11.5,13.3,0.025,0.078,0.205,0.606,0.46,2005,1
3662,Yao Ming,HOU,24.0,228.6,140.61352,None,China,2002,1,1,80,18.3,8.4,0.8,2.0,0.102,0.215,0.264,0.614,0.048,2005,1
3672,Vince Carter,NJN,28.0,198.12,99.79024,North Carolina,USA,1998,1,5,77,24.5,5.2,4.2,0.1,0.042,0.125,0.31,0.541,0.234,2005,1
3690,Richard Hamilton,DET,27.0,200.66,87.543256,Connecticut,USA,1999,1,7,76,18.7,3.9,4.9,7.8,0.03,0.087,0.249,0.528,0.226,2005,1
3694,Ray Allen,SEA,29.0,195.58,92.98636,Connecticut,USA,1996,1,5,78,23.9,4.4,3.7,3.4,0.032,0.106,0.276,0.555,0.17600000000000002,2005,1
3698,Rasheed Wallace,DET,30.0,210.82,104.32616,North Carolina,USA,1995,1,4,79,14.5,8.2,1.8,7.5,0.076,0.202,0.223,0.499,0.094,2005,1
3714,Shawn Marion,PHX,27.0,200.66,103.418976,Nevada-Las Vegas,USA,1999,1,9,81,19.4,11.3,1.9,10.8,0.085,0.223,0.212,0.556,0.07200000000000001,2005,1
3718,Shaquille O'Neal,MIA,33.0,215.9,147.4174,Louisiana State,USA,1992,1,1,73,22.9,10.4,2.7,10.8,0.124,0.224,0.303,0.583,0.149,2005,1
3740,Paul Pierce,BOS,27.0,198.12,104.32616,Kansas,USA,1998,1,10,82,21.6,6.6,4.2,3.5,0.032,0.17600000000000002,0.265,0.583,0.197,2005,1
3749,Chris Bosh,TOR,21.0,208.28,106.59412,Georgia Tech,USA,2003,1,4,81,16.8,8.9,1.9,-0.1,0.073,0.201,0.218,0.547,0.086,2005,1
3751,Chauncey Billups,DET,28.0,190.5,91.625584,Colorado,USA,1997,1,3,80,16.5,3.4,5.8,6.8,0.02,0.08900000000000001,0.207,0.609,0.277,2005,1
3815,Allen Iverson,PHI,30.0,182.88,74.84268,Georgetown,USA,1996,1,1,75,30.7,4.0,7.9,0.3,0.018000000000000002,0.08900000000000001,0.34700000000000003,0.532,0.361,2005,1
3844,Ben Wallace,DET,30.0,205.74,108.86208,Virginia Union,USA,Undrafted,Undrafted,Undrafted,74,9.7,12.2,1.7,7.6,0.126,0.257,0.152,0.459,0.075,2005,1
3906,Jermaine O'Neal,IND,26.0,210.82,109.76926399999999,None,USA,1996,1,17,44,24.3,8.8,1.9,0.3,0.066,0.225,0.36,0.52,0.124,2005,1
3924,Dwyane Wade,MIA,23.0,193.04,96.161504,Marquette,USA,2003,1,5,77,24.1,5.2,6.8,8.0,0.045,0.109,0.306,0.561,0.303,2005,1
3931,Dirk Nowitzki,DAL,27.0,213.36,111.13004,None,Germany,1998,1,9,78,26.1,9.7,3.1,9.7,0.037000000000000005,0.236,0.28600000000000003,0.578,0.138,2005,1
3947,Elton Brand,LAC,26.0,203.2,123.377024,Duke,USA,1999,1,1,81,20.0,9.5,2.6,2.0,0.121,0.184,0.251,0.5539999999999999,0.128,2005,1
3953,Gilbert Arenas,WAS,23.0,190.5,86.636072,Arizona,USA,2001,2,30,80,25.5,4.7,5.1,1.5,0.027000000000000003,0.104,0.271,0.565,0.224,2005,1
3977,Mehmet Okur,UTA,27.0,210.82,112.944408,None,Turkey,2001,2,37,82,18.0,9.1,2.4,-2.7,0.08800000000000001,0.221,0.236,0.5539999999999999,0.126,2006,1
4032,Kevin Garnett,MIN,30.0,210.82,99.79024,None,USA,1995,1,5,76,21.8,12.7,4.1,0.8,0.092,0.29600000000000004,0.256,0.589,0.194,2006,1
4049,Josh Howard,DAL,26.0,200.66,95.25431999999999,Wake Forest,USA,2003,1,29,59,15.6,6.3,1.9,8.9,0.079,0.154,0.227,0.536,0.1,2006,1
4075,LeBron James,CLE,21.0,203.2,108.86208,None,USA,2003,1,1,79,31.4,7.0,6.6,4.2,0.026,0.171,0.336,0.568,0.315,2006,1
4083,Kobe Bryant,LAL,27.0,198.12,99.79024,None,USA,1996,1,13,80,35.4,5.3,4.5,4.7,0.026,0.127,0.384,0.5589999999999999,0.228,2006,1
4087,Tracy McGrady,HOU,27.0,203.2,95.25431999999999,None,USA,1997,1,9,47,24.4,6.5,4.8,1.1,0.031,0.173,0.344,0.494,0.268,2006,1
4088,Tony Parker,SAS,24.0,187.96,80.28578399999998,None,France,2001,1,28,80,18.9,3.3,5.8,10.6,0.017,0.093,0.27,0.584,0.311,2006,1
4094,Tim Duncan,SAS,30.0,210.82,117.93392,Wake Forest,US Virgin Islands,1997,1,1,80,18.6,11.0,3.2,9.5,0.1,0.267,0.277,0.523,0.162,2006,1
4101,Steve Nash,PHX,32.0,190.5,88.45044,Santa Clara,Canada,1996,1,15,79,18.8,4.2,10.5,8.8,0.02,0.112,0.233,0.632,0.435,2006,1
4122,Yao Ming,HOU,25.0,228.6,140.61352,None,China,2002,1,1,57,22.3,10.2,1.5,1.4,0.093,0.248,0.298,0.5920000000000001,0.092,2006,1
4132,Vince Carter,NJN,29.0,198.12,99.79024,North Carolina,USA,1998,1,5,79,24.2,5.8,4.3,5.7,0.053,0.131,0.321,0.536,0.235,2006,1
4140,Shawn Marion,PHX,28.0,200.66,103.418976,Nevada-Las Vegas,USA,1999,1,9,81,21.8,11.8,1.8,7.1,0.086,0.238,0.222,0.591,0.068,2006,1
4145,Richard Hamilton,DET,28.0,200.66,87.543256,Connecticut,USA,1999,1,7,80,20.1,3.2,3.4,9.2,0.036000000000000004,0.07200000000000001,0.276,0.5529999999999999,0.183,2006,1
4149,Ray Allen,SEA,30.0,195.58,92.98636,Connecticut,USA,1996,1,5,78,25.1,4.3,3.7,-1.9,0.029,0.106,0.274,0.59,0.166,2006,1
4173,Shaquille O'Neal,MIA,34.0,215.9,147.4174,Louisiana State,USA,1992,1,1,59,20.0,9.2,1.9,6.9,0.121,0.232,0.299,0.586,0.111,2006,1
4206,Caron Butler,WAS,26.0,200.66,103.418976,Connecticut,USA,2002,1,10,75,17.6,6.2,2.5,1.1,0.048,0.158,0.231,0.535,0.12,2006,1
4207,Carmelo Anthony,DEN,22.0,203.2,104.32616,Syracuse,USA,2003,1,3,80,26.5,4.9,2.7,1.1,0.05,0.107,0.319,0.563,0.141,2006,1
4209,Carlos Boozer,UTA,24.0,205.74,117.026736,Duke,USA,2002,2,34,33,16.3,8.6,2.7,-3.2,0.086,0.254,0.234,0.585,0.154,2006,1
4213,Chauncey Billups,DET,29.0,190.5,91.625584,Colorado,USA,1997,1,3,81,18.5,3.1,8.6,10.5,0.016,0.08800000000000001,0.231,0.602,0.392,2006,1
4228,Chris Bosh,TOR,22.0,208.28,104.32616,Georgia Tech,USA,2003,1,4,70,22.5,9.2,2.6,-1.3,0.08900000000000001,0.208,0.253,0.585,0.117,2006,1
4268,Amar'e Stoudemire,PHX,23.0,208.28,111.13004,None,USA,2002,1,9,3,8.7,5.3,0.7,-2.3,0.113,0.208,0.277,0.42,0.063,2006,1
4271,Allen Iverson,PHI,31.0,182.88,74.84268,Georgetown,USA,1996,1,1,72,33.0,3.2,7.4,0.8,0.016,0.071,0.354,0.5429999999999999,0.331,2006,1
4343,Gilbert Arenas,WAS,24.0,193.04,95.25431999999999,Arizona,USA,2001,2,30,80,29.3,3.5,6.1,2.1,0.019,0.078,0.301,0.581,0.261,2006,1
4351,Joe Johnson,ATL,25.0,200.66,104.32616,Arkansas,USA,2001,1,10,82,20.2,4.1,6.5,-5.3,0.034,0.08800000000000001,0.246,0.537,0.29,2006,1
4356,Jermaine O'Neal,IND,27.0,210.82,117.93392,None,USA,1996,1,17,51,20.1,9.3,2.6,2.3,0.068,0.226,0.29100000000000004,0.53,0.14800000000000002,2006,1
4364,Jason Kidd,NJN,33.0,193.04,95.25431999999999,California,USA,1994,1,2,80,13.3,7.3,8.4,4.3,0.033,0.196,0.188,0.526,0.369,2006,1
4380,Dirk Nowitzki,DAL,28.0,213.36,111.13004,None,Germany,1998,1,9,81,26.6,9.0,2.8,8.6,0.046,0.234,0.301,0.589,0.142,2006,1
4403,Dwyane Wade,MIA,24.0,193.04,96.161504,Marquette,USA,2003,1,5,75,27.2,5.7,6.7,8.8,0.046,0.126,0.321,0.5770000000000001,0.312,2006,1
4429,Dwight Howard,ORL,20.0,210.82,120.20188,None,USA,2004,1,1,82,15.8,12.5,1.5,-0.1,0.122,0.293,0.213,0.565,0.07,2006,1
4474,Dirk Nowitzki,DAL,29.0,213.36,111.13004,None,Germany,1998,1,9,78,24.6,8.9,3.4,11.1,0.054000000000000006,0.238,0.289,0.605,0.16899999999999998,2007,1
4481,Dwight Howard,ORL,21.0,210.82,120.20188,None,USA,2004,1,1,82,17.6,12.3,1.9,0.7,0.12,0.28800000000000003,0.226,0.619,0.092,2007,1
4482,Dwyane Wade,MIA,25.0,193.04,96.161504,Marquette,USA,2003,1,5,51,27.4,4.7,7.5,4.3,0.033,0.109,0.339,0.583,0.378,2007,1
4491,Jason Kidd,NJN,34.0,193.04,95.25431999999999,California,USA,1994,1,2,80,13.0,8.2,9.2,1.8,0.054000000000000006,0.208,0.192,0.516,0.405,2007,1
4502,Joe Johnson,ATL,26.0,200.66,106.59412,Arkansas,USA,2001,1,10,57,25.0,4.2,4.4,-4.0,0.027000000000000003,0.095,0.285,0.5579999999999999,0.21600000000000005,2007,1
4548,Antawn Jamison,WAS,31.0,205.74,106.59412,North Carolina,USA,1998,1,4,70,19.8,8.0,1.9,0.3,0.056,0.192,0.226,0.545,0.084,2007,1
4587,Allen Iverson,DEN,32.0,182.88,74.84268,Georgetown,USA,1996,1,1,65,26.3,3.0,7.2,0.6,0.009000000000000001,0.069,0.29100000000000004,0.54,0.302,2007,1
4590,Amar'e Stoudemire,PHX,24.0,208.28,111.13004,None,USA,2002,1,9,82,20.4,9.6,1.0,7.8,0.103,0.228,0.256,0.637,0.049,2007,1
4601,Brandon Roy,POR,22.0,198.12,103.872568,Washington,USA,2006,1,6,57,16.8,4.4,4.0,-6.1,0.034,0.121,0.227,0.5479999999999999,0.202,2007,1
4631,David West,NOK,26.0,205.74,108.86208,Xavier,USA,2003,1,18,52,18.3,8.2,2.2,-0.6,0.076,0.189,0.235,0.532,0.103,2007,1
4642,Carlos Boozer,UTA,25.0,205.74,120.655472,Duke,USA,2002,2,34,74,20.9,11.7,3.0,2.1,0.113,0.285,0.265,0.588,0.158,2007,1
4644,Carmelo Anthony,DEN,23.0,203.2,104.32616,Syracuse,USA,2003,1,3,65,28.9,6.0,3.8,2.7,0.068,0.113,0.335,0.552,0.183,2007,1
4645,Caron Butler,WAS,27.0,200.66,103.418976,Connecticut,USA,2002,1,10,63,19.1,7.4,3.7,0.5,0.067,0.153,0.229,0.537,0.154,2007,1
4651,Chauncey Billups,DET,30.0,190.5,91.625584,Colorado,USA,1997,1,3,70,17.0,3.4,7.2,8.4,0.011,0.101,0.217,0.591,0.321,2007,1
4652,Chris Bosh,TOR,23.0,208.28,104.32616,Georgia Tech,USA,2003,1,4,69,22.6,10.7,2.5,4.1,0.08199999999999999,0.245,0.268,0.5770000000000001,0.115,2007,1
4656,Chris Paul,NOK,22.0,182.88,79.3786,Wake Forest,USA,2005,1,4,64,17.3,4.4,8.9,-1.6,0.026,0.117,0.227,0.537,0.397,2007,1
4702,Rasheed Wallace,DET,32.0,210.82,104.32616,North Carolina,USA,1995,1,4,75,12.3,7.2,1.7,5.1,0.044,0.227,0.2,0.513,0.08900000000000001,2007,1
4706,Ray Allen,SEA,31.0,195.58,92.98636,Connecticut,USA,1996,1,5,55,26.4,4.5,4.1,-1.9,0.03,0.103,0.293,0.564,0.183,2007,1
4711,Richard Hamilton,DET,29.0,200.66,87.543256,Connecticut,USA,1999,1,7,75,19.8,3.8,3.8,7.2,0.032,0.091,0.26,0.551,0.184,2007,1
4741,Yao Ming,HOU,26.0,228.6,140.61352,None,China,2002,1,1,48,25.0,9.4,2.0,9.3,0.076,0.238,0.331,0.601,0.115,2007,1
4759,Steve Nash,PHX,33.0,190.5,88.45044,Santa Clara,Canada,1996,1,15,76,18.6,3.5,11.6,11.5,0.014,0.096,0.228,0.654,0.468,2007,1
4769,Tim Duncan,SAS,31.0,210.82,117.93392,Wake Forest,US Virgin Islands,1997,1,1,80,20.0,10.6,3.4,13.7,0.1,0.268,0.279,0.579,0.182,2007,1
4778,LeBron James,CLE,22.0,203.2,108.86208,None,USA,2003,1,1,78,27.3,6.7,6.0,5.4,0.029,0.166,0.309,0.552,0.281,2007,1
4817,Kevin Garnett,MIN,31.0,210.82,114.758776,None,USA,1995,1,5,76,22.4,12.8,4.1,-0.5,0.077,0.308,0.276,0.546,0.19,2007,1
4825,Kobe Bryant,LAL,28.0,198.12,99.79024,None,USA,1996,1,13,77,31.6,5.7,5.4,0.6,0.028,0.132,0.333,0.58,0.249,2007,1
4856,Paul Pierce,BOS,29.0,198.12,104.32616,Kansas,USA,1998,1,10,47,25.0,5.9,4.1,-0.3,0.026,0.16,0.305,0.5710000000000001,0.209,2007,1
4893,Dwight Howard,ORL,22.0,210.82,120.20188,None,USA,2004,1,1,82,20.7,14.2,1.3,8.1,0.11,0.314,0.24,0.619,0.059,2008,1
4896,Dwyane Wade,MIA,26.0,193.04,97.975872,Marquette,USA,2003,1,5,51,24.6,4.2,6.9,-6.2,0.028,0.107,0.322,0.5489999999999999,0.336,2008,1
4914,Dirk Nowitzki,DAL,30.0,213.36,111.13004,None,Germany,1998,1,9,77,23.6,8.6,3.5,9.1,0.041,0.227,0.287,0.585,0.171,2008,1
4916,Danny Granger,IND,25.0,203.2,103.418976,New Mexico,USA,2005,1,17,80,19.6,6.1,2.1,-2.1,0.035,0.15,0.233,0.5710000000000001,0.097,2008,1
4926,David West,NOH,27.0,205.74,108.86208,Xavier,USA,2003,1,18,76,20.6,8.9,2.3,7.6,0.071,0.204,0.262,0.535,0.104,2008,1
4936,Devin Harris,NJN,25.0,190.5,83.91452,Wisconsin,USA,2004,1,5,64,14.8,2.7,5.8,5.4,0.017,0.081,0.225,0.573,0.28800000000000003,2008,1
4991,Jameer Nelson,ORL,26.0,182.88,86.18248,Saint Joseph's,USA,2004,1,20,69,10.9,3.5,5.6,6.4,0.017,0.119,0.18600000000000005,0.564,0.299,2008,1
5024,Joe Johnson,ATL,27.0,200.66,106.59412,Arkansas,USA,2001,1,10,82,21.7,4.5,5.8,-0.9,0.029,0.098,0.257,0.535,0.251,2008,1
5037,Allen Iverson,DEN,33.0,182.88,81.64656,Georgetown,USA,1996,1,1,82,26.4,3.0,7.1,5.8,0.015,0.061,0.266,0.5670000000000001,0.271,2008,1
5039,Amar'e Stoudemire,PHX,25.0,208.28,112.944408,None,USA,2002,1,9,79,25.2,9.1,1.5,8.3,0.085,0.214,0.282,0.6559999999999999,0.07200000000000001,2008,1
5052,Chris Bosh,TOR,24.0,208.28,104.32616,Georgia Tech,USA,2003,1,4,67,22.3,8.7,2.6,7.8,0.08900000000000001,0.2,0.282,0.588,0.123,2008,1
5056,Chris Paul,NOH,23.0,182.88,79.3786,Wake Forest,USA,2005,1,4,80,21.1,4.0,11.6,7.9,0.024,0.103,0.254,0.5760000000000001,0.5,2008,1
5073,Chauncey Billups,DET,31.0,190.5,91.625584,Colorado,USA,1997,1,3,78,17.0,2.7,6.8,10.3,0.02,0.083,0.231,0.619,0.341,2008,1
5081,Brandon Roy,POR,23.0,198.12,103.872568,Washington,USA,2006,1,6,74,19.1,4.7,5.8,0.4,0.034,0.114,0.249,0.531,0.272,2008,1
5104,LeBron James,CLE,23.0,203.2,113.398,None,USA,2003,1,1,75,30.0,7.9,7.2,2.4,0.049,0.17800000000000002,0.333,0.568,0.35200000000000004,2008,1
5146,Mo Williams,MIL,25.0,185.42,83.91452,Alabama,USA,2003,2,47,66,17.2,3.5,6.3,-7.1,0.018000000000000002,0.097,0.225,0.5660000000000001,0.299,2008,1
5163,Kevin Garnett,BOS,32.0,210.82,99.79024,None,USA,1995,1,5,71,18.8,9.2,3.4,17.0,0.075,0.246,0.257,0.588,0.18600000000000005,2008,1
5215,Kobe Bryant,LAL,29.0,198.12,92.98636,None,USA,1996,1,13,82,28.3,6.3,5.4,8.5,0.034,0.141,0.312,0.5760000000000001,0.236,2008,1
5246,Tim Duncan,SAS,32.0,210.82,117.93392,Wake Forest,US Virgin Islands,1997,1,1,78,19.3,11.3,2.8,7.8,0.108,0.281,0.28300000000000003,0.546,0.152,2008,1
5249,Tony Parker,SAS,26.0,187.96,81.64656,None,France,2001,1,28,69,18.8,3.2,6.0,7.6,0.016,0.095,0.28300000000000003,0.542,0.327,2008,1
5254,Yao Ming,HOU,27.0,228.6,140.61352,None,China,2002,1,1,55,22.0,10.8,2.3,4.1,0.098,0.227,0.272,0.5870000000000001,0.116,2008,1
5276,Shaquille O'Neal,PHX,36.0,215.9,147.4174,Louisiana State,USA,1992,1,1,61,13.6,9.1,1.5,1.2,0.121,0.252,0.234,0.589,0.08800000000000001,2008,1
5281,Ray Allen,BOS,32.0,195.58,92.98636,Connecticut,USA,1996,1,5,73,17.4,3.7,3.1,12.6,0.036000000000000004,0.083,0.21600000000000005,0.584,0.139,2008,1
5285,Rashard Lewis,ORL,28.0,208.28,104.32616,None,USA,1998,2,32,81,18.2,5.4,2.4,7.2,0.038,0.122,0.207,0.591,0.104,2008,1
5299,Paul Pierce,BOS,30.0,200.66,106.59412,Kansas,USA,1998,1,10,80,19.6,5.1,4.5,14.0,0.023,0.141,0.247,0.599,0.21,2008,1
5302,Pau Gasol,LAL,27.0,213.36,113.398,None,Spain,2001,1,3,66,18.9,8.4,3.2,4.9,0.079,0.187,0.226,0.594,0.14800000000000002,2008,1
5355,Dwyane Wade,MIA,27.0,193.04,97.975872,Marquette,USA,2003,1,5,79,30.2,5.0,7.5,3.6,0.035,0.121,0.35600000000000004,0.574,0.377,2009,1
5356,Dwight Howard,ORL,23.0,210.82,120.20188,None,USA,2004,1,1,79,20.6,13.8,1.4,10.6,0.14,0.295,0.26,0.6,0.07200000000000001,2009,1
5364,Dirk Nowitzki,DAL,31.0,213.36,111.13004,None,Germany,1998,1,9,81,25.9,8.4,2.4,4.1,0.033,0.224,0.302,0.564,0.117,2009,1
5371,Gerald Wallace,CHA,26.0,200.66,99.79024,Alabama,USA,2001,1,25,71,16.6,7.8,2.7,0.5,0.052000000000000005,0.199,0.204,0.585,0.12,2009,1
5411,Kevin Durant,OKC,20.0,205.74,97.52228,Texas,USA,2007,1,2,74,25.3,6.5,2.8,-9.5,0.03,0.166,0.282,0.5770000000000001,0.135,2009,1
5412,Kevin Garnett,BOS,33.0,210.82,114.758776,None,USA,1995,1,5,57,15.8,8.5,2.5,14.9,0.057,0.255,0.234,0.563,0.13699999999999998,2009,1
5418,Kobe Bryant,LAL,30.0,198.12,92.98636,None,USA,1996,1,13,82,26.8,5.2,4.9,10.8,0.035,0.127,0.322,0.561,0.232,2009,1
5430,LeBron James,CLE,24.0,203.2,113.398,None,USA,2003,1,1,81,28.4,7.6,7.2,14.7,0.042,0.189,0.334,0.591,0.365,2009,1
5438,Deron Williams,UTA,25.0,190.5,93.893544,Illinois,USA,2005,1,3,68,19.4,2.9,10.7,3.0,0.011,0.081,0.247,0.573,0.457,2009,1
5448,David Lee,NYK,26.0,205.74,108.86208,Florida,USA,2005,1,30,81,16.0,11.7,2.1,-3.3,0.096,0.277,0.192,0.59,0.098,2009,1
5468,Derrick Rose,CHI,20.0,190.5,86.18248,Memphis,USA,2008,1,1,81,16.8,3.9,6.3,-2.5,0.037000000000000005,0.085,0.225,0.516,0.28300000000000003,2009,1
5491,Brandon Roy,POR,24.0,198.12,95.707912,Washington,USA,2006,1,6,78,22.6,4.7,5.1,8.9,0.044,0.115,0.274,0.573,0.243,2009,1
5510,Al Horford,ATL,23.0,208.28,111.13004,Florida,Dominican Republic,2007,1,3,67,11.5,9.3,2.4,0.9,0.077,0.25,0.168,0.565,0.119,2009,1
5516,Allen Iverson,DET,34.0,182.88,81.64656,Georgetown,USA,1996,1,1,57,17.5,3.0,5.0,-1.6,0.017,0.08,0.261,0.504,0.238,2009,1
5517,Amar'e Stoudemire,PHX,26.0,208.28,112.944408,None,USA,2002,1,9,53,21.4,8.1,2.0,3.3,0.076,0.17800000000000002,0.248,0.617,0.087,2009,1
5542,Joe Johnson,ATL,28.0,200.66,108.86208,Arkansas,USA,2001,1,10,79,21.4,4.4,5.8,2.6,0.024,0.107,0.265,0.534,0.256,2009,1
5560,Jason Kidd,DAL,36.0,193.04,95.25431999999999,California,USA,1994,1,2,81,9.0,6.2,8.7,5.4,0.034,0.162,0.134,0.55,0.336,2009,1
5573,Carmelo Anthony,DEN,25.0,203.2,104.32616,Syracuse,USA,2003,1,3,66,22.8,6.8,3.4,7.1,0.056,0.171,0.316,0.532,0.172,2009,1
5580,Chauncey Billups,DEN,32.0,190.5,91.625584,Colorado,USA,1997,1,3,79,17.7,3.0,6.4,5.2,0.014,0.087,0.22,0.5920000000000001,0.287,2009,1
5583,Chris Bosh,TOR,25.0,208.28,104.32616,Georgia Tech,USA,2003,1,4,77,22.7,10.0,2.5,-1.0,0.08900000000000001,0.221,0.27,0.569,0.114,2009,1
5586,Chris Kaman,LAC,27.0,213.36,120.20188,Central Michigan,USA,2003,1,6,31,12.0,8.0,1.5,-9.0,0.093,0.221,0.209,0.552,0.085,2009,1
5588,Chris Paul,NOH,24.0,182.88,79.3786,Wake Forest,USA,2005,1,4,78,22.8,5.5,11.0,6.5,0.028,0.14300000000000002,0.273,0.599,0.512,2009,1
5612,Rajon Rondo,BOS,23.0,185.42,77.56423199999998,Kentucky,USA,2006,1,21,80,11.9,5.2,8.2,10.8,0.049,0.139,0.191,0.5429999999999999,0.377,2009,1
5639,Paul Pierce,BOS,31.0,200.66,106.59412,Kansas,USA,1998,1,10,81,20.5,5.6,3.6,9.4,0.024,0.154,0.254,0.5820000000000001,0.161,2009,1
5661,Pau Gasol,LAL,28.0,213.36,113.398,None,Spain,2001,1,3,81,18.9,9.6,3.5,9.1,0.101,0.194,0.205,0.617,0.146,2009,1
5690,Tim Duncan,SAS,33.0,210.82,117.93392,Wake Forest,US Virgin Islands,1997,1,1,75,19.3,10.7,3.5,5.0,0.099,0.277,0.287,0.5489999999999999,0.188,2009,1
5698,Zach Randolph,LAC,27.0,205.74,117.93392,Michigan State,USA,2001,1,19,50,20.8,10.1,2.1,-5.5,0.099,0.234,0.279,0.531,0.106,2009,1
5740,Steve Nash,PHX,35.0,190.5,80.73937600000002,Santa Clara,Canada,1996,1,15,74,15.7,3.0,9.7,5.2,0.01,0.08900000000000001,0.211,0.615,0.403,2009,1
5806,Al Horford,ATL,24.0,208.28,111.13004,Florida,Dominican Republic,2007,1,3,81,14.2,9.9,2.3,8.2,0.097,0.231,0.179,0.594,0.102,2010,1
5813,Amar'e Stoudemire,PHX,27.0,208.28,112.944408,None,USA,2002,1,9,82,23.1,8.9,1.0,5.4,0.098,0.185,0.273,0.615,0.047,2010,1
5819,Deron Williams,UTA,26.0,190.5,93.893544,Illinois,USA,2005,1,3,76,18.7,4.0,10.5,7.3,0.022,0.103,0.239,0.574,0.429,2010,1
5840,Joe Johnson,ATL,29.0,200.66,108.86208,Arkansas,USA,2001,1,10,76,21.3,4.6,4.9,6.0,0.03,0.114,0.267,0.5379999999999999,0.21600000000000005,2010,1
5911,Derrick Rose,CHI,21.0,190.5,86.18248,Memphis,USA,2008,1,1,78,20.8,3.8,6.0,-0.5,0.025,0.085,0.271,0.532,0.297,2010,1
5916,Dirk Nowitzki,DAL,32.0,213.36,111.13004,None,Germany,1998,1,9,81,25.0,7.7,2.7,6.4,0.031,0.198,0.289,0.578,0.128,2010,1
5922,Dwight Howard,ORL,24.0,210.82,120.20188,None,USA,2004,1,1,82,18.3,13.2,1.8,11.8,0.123,0.315,0.241,0.63,0.087,2010,1
5924,Dwyane Wade,MIA,28.0,193.04,99.79024,Marquette,USA,2003,1,5,77,26.6,4.8,6.5,7.4,0.046,0.111,0.342,0.562,0.334,2010,1
5946,Carmelo Anthony,DEN,26.0,203.2,104.32616,Syracuse,USA,2003,1,3,69,28.2,6.6,3.2,5.4,0.065,0.131,0.332,0.5479999999999999,0.159,2010,1
5995,Chris Paul,NOH,25.0,182.88,79.3786,Wake Forest,USA,2005,1,4,45,18.7,4.2,10.7,1.0,0.013,0.118,0.226,0.584,0.456,2010,1
6000,Chris Bosh,TOR,26.0,208.28,104.32616,Georgia Tech,USA,2003,1,4,70,24.0,10.8,2.4,0.3,0.099,0.246,0.28800000000000003,0.5920000000000001,0.116,2010,1
6013,Russell Westbrook,OKC,21.0,190.5,84.821704,UCLA,USA,2008,1,4,82,16.1,4.9,8.0,5.0,0.059,0.101,0.254,0.491,0.3670000000000001,2010,1
6040,Rajon Rondo,BOS,24.0,185.42,77.56423199999998,Kentucky,USA,2006,1,21,81,13.7,4.4,9.8,4.8,0.043,0.103,0.2,0.54,0.425,2010,1
6048,Ray Allen,BOS,34.0,195.58,92.98636,Connecticut,USA,1996,1,5,80,16.3,3.2,2.6,7.4,0.021,0.087,0.201,0.601,0.118,2010,1
6110,Tim Duncan,SAS,34.0,210.82,117.93392,Wake Forest,US Virgin Islands,1997,1,1,78,17.9,10.1,3.2,7.0,0.109,0.265,0.264,0.56,0.175,2010,1
6115,Paul Pierce,BOS,32.0,200.66,106.59412,Kansas,USA,1998,1,10,71,18.3,4.4,3.1,5.3,0.021,0.132,0.237,0.613,0.15,2010,1
6127,LeBron James,CLE,25.0,203.2,113.398,None,USA,2003,1,1,76,29.7,7.3,8.6,10.8,0.03,0.185,0.333,0.604,0.398,2010,1
6143,Kobe Bryant,LAL,31.0,198.12,92.98636,None,USA,1996,1,13,73,27.0,5.4,5.0,8.5,0.032,0.122,0.32299999999999995,0.545,0.23,2010,1
6163,Kevin Durant,OKC,21.0,205.74,104.32616,Texas,USA,2007,1,2,82,30.1,7.6,2.8,7.0,0.038,0.177,0.317,0.607,0.13,2010,1
6164,Kevin Garnett,BOS,34.0,210.82,114.758776,None,USA,1995,1,5,69,14.3,7.3,2.7,8.1,0.049,0.236,0.22,0.569,0.14800000000000002,2010,1
6165,Kevin Love,MIN,21.0,208.28,117.93392,UCLA,USA,2008,1,5,60,14.0,11.0,2.3,-7.4,0.145,0.282,0.219,0.5489999999999999,0.127,2010,1
6170,Manu Ginobili,SAS,32.0,198.12,92.98636,None,Argentina,1999,2,57,75,16.5,3.8,4.9,7.9,0.038,0.119,0.253,0.584,0.273,2010,1
6196,Pau Gasol,LAL,29.0,213.36,113.398,None,Spain,2001,1,3,65,18.3,11.3,3.4,6.2,0.116,0.228,0.213,0.593,0.147,2010,1
6228,Kobe Bryant,LAL,32.0,198.12,92.98636,None,USA,1996,1,13,82,25.3,5.1,4.7,7.7,0.035,0.135,0.35,0.5479999999999999,0.258,2011,1
6237,LaMarcus Aldridge,POR,25.0,210.82,108.86208,Texas,USA,2006,1,2,81,21.8,8.8,2.1,4.1,0.103,0.171,0.258,0.5489999999999999,0.099,2011,1
6255,Kevin Love,MIN,22.0,208.28,117.93392,UCLA,USA,2008,1,5,73,20.2,15.2,2.5,-6.0,0.136,0.336,0.227,0.593,0.116,2011,1
6264,Kevin Durant,OKC,22.0,205.74,104.32616,Texas,USA,2007,1,2,78,27.7,6.8,2.7,4.7,0.023,0.174,0.302,0.589,0.127,2011,1
6266,LeBron James,MIA,26.0,203.2,113.398,None,USA,2003,1,1,79,26.7,7.5,7.0,10.5,0.033,0.184,0.312,0.594,0.343,2011,1
6300,Luol Deng,CHI,26.0,205.74,99.79024,Duke,United Kingdom,2004,1,7,82,17.4,5.8,2.8,8.3,0.043,0.126,0.208,0.5489999999999999,0.119,2011,1
6305,Marc Gasol,MEM,26.0,215.9,120.20188,None,Spain,2007,2,48,81,11.7,7.0,2.5,1.7,0.071,0.193,0.171,0.58,0.117,2011,1
6367,Joe Johnson,ATL,30.0,200.66,108.86208,Arkansas,USA,2001,1,10,72,18.2,4.0,4.7,0.6,0.028,0.108,0.264,0.517,0.23,2011,1
6420,Chris Paul,NOH,26.0,182.88,79.3786,Wake Forest,USA,2005,1,4,80,15.9,4.1,9.8,5.2,0.016,0.125,0.21,0.578,0.441,2011,1
6439,Dwight Howard,ORL,25.0,210.82,120.20188,None,USA,2004,1,1,78,22.9,14.1,1.4,8.6,0.128,0.301,0.272,0.616,0.067,2011,1
6440,Dwyane Wade,MIA,29.0,193.04,99.79024,Marquette,USA,2003,1,5,76,25.5,6.4,4.6,10.6,0.055,0.14300000000000002,0.313,0.581,0.223,2011,1
6450,Dirk Nowitzki,DAL,33.0,213.36,111.13004,None,Germany,1998,1,9,73,23.0,7.0,2.6,11.0,0.025,0.203,0.282,0.612,0.136,2011,1
6462,Deron Williams,NJN,27.0,190.5,94.800728,Illinois,USA,2005,1,3,65,20.1,4.0,10.3,-2.7,0.019,0.107,0.257,0.5660000000000001,0.448,2011,1
6466,Derrick Rose,CHI,22.0,190.5,86.18248,Memphis,USA,2008,1,1,81,25.0,4.1,7.7,8.3,0.032,0.093,0.319,0.55,0.3720000000000001,2011,1
6469,Chris Bosh,MIA,27.0,210.82,106.59412,Georgia Tech,USA,2003,1,4,77,18.7,8.3,1.9,11.4,0.064,0.199,0.234,0.569,0.086,2011,1
6474,Andrew Bynum,LAL,23.0,213.36,129.27372,None,USA,2005,1,10,54,11.3,9.4,1.4,7.1,0.133,0.252,0.18,0.606,0.079,2011,1
6489,Andre Iguodala,PHI,27.0,198.12,93.893544,Arizona,USA,2004,1,9,67,14.1,5.8,6.3,3.4,0.029,0.151,0.192,0.53,0.261,2011,1
6523,Carmelo Anthony,NYK,27.0,203.2,104.32616,Syracuse,USA,2003,1,3,77,25.6,7.3,2.9,3.2,0.05,0.184,0.321,0.557,0.149,2011,1
6531,Blake Griffin,LAC,22.0,208.28,113.851592,Oklahoma,USA,2009,1,1,82,22.5,12.1,3.8,-3.4,0.103,0.269,0.273,0.5489999999999999,0.184,2011,1
6555,Steve Nash,PHX,37.0,190.5,80.73937600000002,Santa Clara,Canada,1996,1,15,75,14.7,3.5,11.4,4.5,0.019,0.099,0.212,0.601,0.498,2011,1
6606,Tony Parker,SAS,29.0,187.96,83.91452,None,France,2001,1,28,78,17.5,3.1,6.6,6.5,0.014,0.092,0.254,0.569,0.345,2011,1
6616,Paul Pierce,BOS,33.0,200.66,106.59412,Kansas,USA,1998,1,10,80,18.9,5.4,3.3,11.3,0.016,0.161,0.239,0.62,0.152,2011,1
6644,Rajon Rondo,BOS,25.0,185.42,77.56423199999998,Kentucky,USA,2006,1,21,68,10.6,4.4,11.2,8.9,0.045,0.096,0.181,0.495,0.448,2011,1
6650,Russell Westbrook,OKC,22.0,190.5,84.821704,UCLA,USA,2008,1,4,82,21.9,4.6,8.2,3.0,0.051,0.102,0.312,0.5379999999999999,0.422,2011,1
6654,Roy Hibbert,IND,24.0,218.44,126.098576,Georgetown,USA,2008,1,17,81,12.7,7.5,2.0,-1.7,0.094,0.205,0.237,0.507,0.123,2011,1
6695,Dwyane Wade,MIA,30.0,193.04,99.79024,Marquette,USA,2003,1,5,49,22.1,4.8,4.6,11.2,0.056,0.111,0.31,0.5589999999999999,0.251,2012,1
6696,Dwight Howard,ORL,26.0,210.82,120.20188,None,USA,2004,1,1,54,20.6,14.5,1.9,3.6,0.113,0.318,0.261,0.569,0.098,2012,1
6704,Zach Randolph,MEM,30.0,205.74,117.93392,Michigan State,USA,2001,1,19,28,11.6,8.0,1.7,7.4,0.121,0.248,0.221,0.5,0.108,2012,1
6734,Tyson Chandler,NYK,29.0,215.9,108.86208,None,USA,2001,1,2,62,11.3,9.9,0.9,2.4,0.118,0.221,0.129,0.708,0.044,2012,1
6760,Chris Paul,LAC,27.0,182.88,79.3786,Wake Forest,USA,2005,1,4,60,19.8,3.6,9.1,6.6,0.023,0.096,0.242,0.581,0.413,2012,1
6785,David Lee,GSW,29.0,205.74,108.86208,Florida,USA,2005,1,30,57,20.1,9.6,2.8,-3.3,0.092,0.2,0.259,0.5489999999999999,0.132,2012,1
6795,Tony Parker,SAS,30.0,187.96,83.91452,None,France,2001,1,28,60,18.3,2.9,7.7,10.5,0.013,0.086,0.278,0.539,0.404,2012,1
6817,Rajon Rondo,BOS,26.0,185.42,84.368112,Kentucky,USA,2006,1,21,53,11.9,4.8,11.7,5.2,0.039,0.111,0.203,0.483,0.498,2012,1
6819,Chris Bosh,MIA,28.0,210.82,106.59412,Georgia Tech,USA,2003,1,4,57,18.0,7.9,1.8,10.8,0.06,0.199,0.243,0.551,0.086,2012,1
6824,Paul George,IND,22.0,203.2,97.52228,Fresno State,USA,2010,1,10,66,12.1,5.6,2.4,6.1,0.033,0.175,0.193,0.555,0.133,2012,1
6880,Tim Duncan,SAS,36.0,210.82,115.66596,Wake Forest,US Virgin Islands,1997,1,1,58,15.4,9.0,2.3,8.6,0.076,0.276,0.263,0.531,0.13699999999999998,2012,1
6903,Russell Westbrook,OKC,23.0,190.5,84.821704,UCLA,USA,2008,1,4,66,23.6,4.6,5.5,7.9,0.05,0.093,0.32,0.5379999999999999,0.284,2012,1
6925,Joakim Noah,CHI,27.0,210.82,105.233344,Florida,USA,2007,1,9,64,10.2,9.8,2.5,7.5,0.145,0.219,0.157,0.561,0.122,2012,1
6951,James Harden,OKC,22.0,195.58,99.79024,Arizona State,USA,2009,1,3,62,16.8,4.1,3.7,9.8,0.019,0.126,0.21600000000000005,0.66,0.19,2012,1
6979,Kyrie Irving,CLE,20.0,190.5,86.636072,Duke,Australia,2011,1,1,51,18.5,3.7,5.4,-5.6,0.031,0.112,0.281,0.5660000000000001,0.324,2012,1
6981,LaMarcus Aldridge,POR,26.0,210.82,108.86208,Texas,USA,2006,1,2,55,21.7,8.0,2.4,4.1,0.086,0.175,0.271,0.56,0.128,2012,1
7003,Luol Deng,CHI,27.0,205.74,99.79024,Duke,United Kingdom,2004,1,7,54,15.3,6.5,2.9,8.8,0.041,0.141,0.197,0.5,0.117,2012,1
7004,LeBron James,MIA,27.0,203.2,113.398,None,USA,2003,1,1,62,27.1,7.9,6.2,10.7,0.05,0.196,0.317,0.605,0.318,2012,1
7011,Jrue Holiday,PHI,22.0,193.04,81.64656,UCLA,USA,2009,1,17,65,13.5,3.3,4.5,5.0,0.028,0.079,0.218,0.496,0.215,2012,1
7024,Kevin Durant,OKC,23.0,205.74,106.59412,Texas,USA,2007,1,2,66,28.0,8.0,3.5,7.7,0.019,0.2,0.308,0.61,0.17,2012,1
7025,Kevin Garnett,BOS,36.0,210.82,114.758776,None,USA,1995,1,5,60,15.8,8.2,2.9,7.7,0.045,0.261,0.251,0.55,0.171,2012,1
7032,Kobe Bryant,LAL,33.0,198.12,92.98636,None,USA,1996,1,13,58,27.9,5.4,4.6,3.1,0.035,0.117,0.354,0.527,0.237,2012,1
7066,Blake Griffin,LAC,23.0,208.28,113.851592,Oklahoma,USA,2009,1,1,66,20.7,10.9,3.2,6.9,0.107,0.244,0.266,0.557,0.156,2012,1
7074,Carmelo Anthony,NYK,28.0,203.2,104.32616,Syracuse,USA,2003,1,3,55,22.6,6.3,3.6,2.4,0.053,0.156,0.316,0.525,0.209,2012,1
7082,Brook Lopez,NJN,24.0,213.36,120.20188,Stanford,USA,2008,1,10,5,19.2,3.6,1.2,-12.1,0.063,0.08,0.317,0.527,0.094,2012,1
7156,Paul George,IND,23.0,203.2,100.243832,Fresno State,USA,2010,1,10,79,17.4,7.6,4.1,7.2,0.034,0.189,0.235,0.531,0.191,2013,1
7157,Paul Millsap,UTA,28.0,203.2,114.758776,Louisiana Tech,USA,2006,2,47,78,14.6,7.1,2.6,0.0,0.086,0.194,0.228,0.55,0.14300000000000002,2013,1
7244,Roy Hibbert,IND,26.0,218.44,127.00576,Georgetown,USA,2008,1,17,79,11.9,8.3,1.4,9.2,0.149,0.16899999999999998,0.225,0.489,0.083,2013,1
7286,Tony Parker,SAS,31.0,187.96,83.91452,None,France,2001,1,28,66,20.3,3.0,7.6,10.7,0.01,0.091,0.28,0.588,0.396,2013,1
7313,Stephen Curry,GSW,25.0,190.5,83.91452,Davidson,USA,2009,1,7,78,22.9,4.0,6.9,2.4,0.022,0.092,0.261,0.589,0.298,2013,1
7336,Joe Johnson,BKN,32.0,200.66,108.86208,Arkansas,USA,2001,1,10,72,16.3,3.0,3.5,4.4,0.024,0.07400000000000001,0.219,0.521,0.163,2013,1
7338,Joakim Noah,CHI,28.0,210.82,105.233344,Florida,USA,2007,1,9,66,11.9,11.1,4.0,1.2,0.124,0.218,0.172,0.534,0.17600000000000002,2013,1
7391,James Harden,HOU,23.0,195.58,99.79024,Arizona State,USA,2009,1,3,78,25.9,4.9,5.8,2.7,0.024,0.119,0.289,0.6,0.257,2013,1
7396,LaMarcus Aldridge,POR,27.0,210.82,108.86208,Texas,USA,2006,1,2,74,21.1,9.1,2.6,-1.4,0.07200000000000001,0.209,0.265,0.53,0.125,2013,1
7397,Kyrie Irving,CLE,21.0,190.5,86.636072,Duke,Australia,2011,1,1,59,22.5,3.7,5.9,-5.1,0.018000000000000002,0.106,0.298,0.5529999999999999,0.315,2013,1
7407,Kobe Bryant,LAL,34.0,198.12,92.98636,None,USA,1996,1,13,78,27.3,5.6,6.0,2.7,0.025,0.131,0.317,0.57,0.28600000000000003,2013,1
7428,LeBron James,MIA,28.0,203.2,113.398,None,USA,2003,1,1,76,26.8,8.0,7.3,14.1,0.044,0.208,0.298,0.64,0.344,2013,1
7447,John Wall,WAS,22.0,193.04,88.45044,Kentucky,USA,2010,1,1,49,18.5,4.0,7.6,1.5,0.024,0.111,0.289,0.521,0.407,2013,1
7456,Kevin Love,MIN,24.0,208.28,117.93392,UCLA,USA,2008,1,5,18,18.3,14.0,2.3,-1.7,0.108,0.337,0.275,0.458,0.117,2013,1
7459,Kevin Durant,OKC,24.0,205.74,106.59412,Texas,USA,2007,1,2,81,28.1,7.9,4.6,12.7,0.018000000000000002,0.201,0.298,0.647,0.213,2013,1
7489,DeMar DeRozan,TOR,23.0,200.66,97.975872,Southern California,USA,2009,1,9,82,18.1,3.9,2.5,-2.4,0.019,0.108,0.241,0.523,0.12,2013,1
7508,Damian Lillard,POR,22.0,190.5,88.45044,Weber State,USA,2012,1,6,82,19.0,3.1,6.5,-2.1,0.015,0.079,0.241,0.546,0.28,2013,1
7529,Dwyane Wade,MIA,31.0,193.04,99.79024,Marquette,USA,2003,1,5,69,21.2,5.0,5.1,13.0,0.048,0.127,0.29100000000000004,0.5710000000000001,0.248,2013,1
7531,Dwight Howard,LAL,27.0,210.82,120.20188,None,USA,2004,1,1,76,17.1,12.4,1.4,3.4,0.106,0.275,0.224,0.573,0.068,2013,1
7541,Dirk Nowitzki,DAL,35.0,213.36,111.13004,None,Germany,1998,1,9,53,17.3,6.8,2.5,0.7,0.025,0.221,0.247,0.564,0.132,2013,1
7551,Chris Paul,LAC,28.0,182.88,79.3786,Wake Forest,USA,2005,1,4,70,16.9,3.7,9.7,8.7,0.028,0.109,0.225,0.594,0.443,2013,1
7556,Anthony Davis,NOH,20.0,208.28,99.79024,Kentucky,USA,2012,1,1,64,13.5,8.2,1.0,-5.5,0.106,0.236,0.215,0.5589999999999999,0.06,2013,1
7597,Chris Bosh,MIA,29.0,210.82,106.59412,Georgia Tech,USA,2003,1,4,74,16.6,6.8,1.7,10.8,0.07200000000000001,0.174,0.228,0.5920000000000001,0.081,2013,1
7605,Carmelo Anthony,NYK,29.0,203.2,104.32616,Syracuse,USA,2003,1,3,67,28.7,6.9,2.6,6.2,0.061,0.158,0.353,0.56,0.13699999999999998,2013,1
7608,Blake Griffin,LAC,24.0,208.28,113.851592,Oklahoma,USA,2009,1,1,80,18.0,8.3,3.7,6.6,0.08800000000000001,0.225,0.254,0.5720000000000001,0.192,2013,1
7641,Russell Westbrook,OKC,25.0,190.5,90.7184,UCLA,USA,2008,1,4,46,21.8,5.7,6.9,8.3,0.046,0.153,0.333,0.545,0.38,2014,1
7704,Paul Millsap,ATL,29.0,203.2,114.758776,Louisiana Tech,USA,2006,2,47,74,17.9,8.5,3.1,1.4,0.07200000000000001,0.215,0.254,0.545,0.16,2014,1
7705,Pau Gasol,LAL,33.0,213.36,113.398,None,Spain,2001,1,3,60,17.4,9.7,3.4,-9.1,0.071,0.254,0.264,0.522,0.184,2014,1
7708,Stephen Curry,GSW,26.0,190.5,83.91452,Davidson,USA,2009,1,7,78,24.0,4.3,8.5,9.4,0.018000000000000002,0.108,0.281,0.61,0.3720000000000001,2014,1
7735,Al Horford,ATL,28.0,208.28,113.398,Florida,Dominican Republic,2007,1,3,29,18.6,8.4,2.6,3.7,0.078,0.212,0.246,0.588,0.139,2014,1
7754,Tim Duncan,SAS,38.0,210.82,113.398,Wake Forest,US Virgin Islands,1997,1,1,74,15.1,9.7,3.0,6.6,0.086,0.282,0.254,0.535,0.159,2014,1
7800,Damian Lillard,POR,23.0,190.5,88.45044,Weber State,USA,2012,1,6,82,20.7,3.5,5.6,5.4,0.013,0.092,0.25,0.568,0.249,2014,1
7822,DeMarcus Cousins,SAC,23.0,210.82,122.46984,Kentucky,USA,2010,1,5,71,22.7,11.7,2.9,-1.9,0.109,0.309,0.326,0.555,0.175,2014,1
7847,Blake Griffin,LAC,25.0,208.28,113.851592,Oklahoma,USA,2009,1,1,80,24.1,9.5,3.9,9.6,0.079,0.215,0.29,0.583,0.185,2014,1
7850,Carmelo Anthony,NYK,30.0,203.2,106.59412,Syracuse,USA,2003,1,3,77,27.4,8.1,3.1,0.9,0.055,0.192,0.32299999999999995,0.561,0.156,2014,1
7853,Chris Paul,LAC,29.0,182.88,79.3786,Wake Forest,USA,2005,1,4,62,19.1,4.3,10.7,11.6,0.02,0.114,0.234,0.58,0.459,2014,1
7858,Chris Bosh,MIA,30.0,210.82,106.59412,Georgia Tech,USA,2003,1,4,79,16.2,6.6,1.1,9.8,0.051,0.197,0.226,0.597,0.056,2014,1
7894,James Harden,HOU,24.0,195.58,99.79024,Arizona State,USA,2009,1,3,73,25.4,4.7,6.1,7.6,0.026,0.107,0.276,0.618,0.266,2014,1
7919,Dwyane Wade,MIA,32.0,193.04,99.79024,Marquette,USA,2003,1,5,54,19.0,4.5,4.7,4.5,0.045,0.119,0.276,0.588,0.249,2014,1
7928,Dirk Nowitzki,DAL,36.0,213.36,111.13004,None,Germany,1998,1,9,80,21.7,6.2,2.7,4.9,0.018000000000000002,0.203,0.268,0.603,0.14,2014,1
7954,LeBron James,MIA,29.0,203.2,113.398,None,USA,2003,1,1,77,27.1,6.9,6.3,7.9,0.037000000000000005,0.188,0.309,0.649,0.311,2014,1
7970,Kyrie Irving,CLE,22.0,190.5,87.543256,Duke,Australia,2011,1,1,71,20.8,3.6,6.1,-5.1,0.023,0.097,0.28,0.5329999999999999,0.311,2014,1
7972,Kevin Durant,OKC,25.0,205.74,108.86208,Texas,USA,2007,1,2,81,32.0,7.4,5.5,8.0,0.022,0.184,0.327,0.635,0.259,2014,1
7978,LaMarcus Aldridge,POR,28.0,210.82,108.86208,Texas,USA,2006,1,2,69,23.2,11.1,2.6,7.1,0.073,0.256,0.299,0.507,0.128,2014,1
7980,Kobe Bryant,LAL,35.0,198.12,92.98636,None,USA,1996,1,13,6,13.8,4.3,6.3,-10.5,0.013,0.14400000000000002,0.293,0.505,0.369,2014,1
7983,Kyle Korver,ATL,33.0,200.66,96.161504,Creighton,USA,2003,2,51,71,12.0,4.0,2.9,2.9,0.011,0.124,0.141,0.653,0.127,2014,1
7984,Kyle Lowry,TOR,28.0,182.88,92.98636,Villanova,USA,2006,1,24,79,17.9,4.7,7.4,4.6,0.035,0.114,0.226,0.5670000000000001,0.336,2014,1
7987,Klay Thompson,GSW,24.0,200.66,92.98636,Washington State,USA,2011,1,11,81,18.4,3.1,2.2,9.5,0.015,0.078,0.227,0.555,0.097,2014,1
7989,Marc Gasol,MEM,29.0,215.9,120.20188,None,Spain,2007,2,48,59,14.6,7.2,3.6,-0.5,0.052000000000000005,0.208,0.223,0.526,0.18,2014,1
8042,Jeff Teague,ATL,26.0,187.96,82.10015200000002,Wake Forest,USA,2009,1,19,79,16.5,2.6,6.7,1.6,0.015,0.078,0.253,0.541,0.34700000000000003,2014,1
8063,Anthony Davis,NOP,21.0,208.28,99.79024,Kentucky,USA,2012,1,1,67,20.8,10.0,1.6,-1.7,0.102,0.234,0.252,0.5820000000000001,0.078,2014,1
8094,John Wall,WAS,23.0,193.04,88.45044,Kentucky,USA,2010,1,1,82,19.3,4.1,8.8,2.9,0.014,0.114,0.271,0.524,0.392,2014,1
8099,Jimmy Butler,CHI,24.0,200.66,99.79024,Marquette,USA,2011,1,30,67,13.1,4.9,2.6,4.2,0.039,0.107,0.16899999999999998,0.522,0.11,2014,1
8110,DeMarcus Cousins,SAC,24.0,210.82,122.46984,Kentucky,USA,2010,1,5,59,24.1,12.7,3.6,0.1,0.11,0.297,0.339,0.545,0.202,2015,1
8111,DeMar DeRozan,TOR,25.0,200.66,99.79024,Southern California,USA,2009,1,9,60,20.1,4.6,3.5,2.6,0.023,0.128,0.28600000000000003,0.51,0.174,2015,1
8163,Dwyane Wade,MIA,33.0,193.04,99.79024,Marquette,USA,2003,1,5,62,21.5,3.5,4.8,-1.2,0.036000000000000004,0.097,0.345,0.534,0.3,2015,1
8169,Draymond Green,GSW,25.0,200.66,104.32616,Michigan State,USA,2012,2,35,79,11.7,8.2,3.7,16.5,0.051,0.218,0.171,0.54,0.155,2015,1
8180,Anthony Davis,NOP,22.0,208.28,99.79024,Kentucky,USA,2012,1,1,68,24.4,10.2,2.2,5.1,0.08,0.24,0.276,0.591,0.109,2015,1
8202,Al Horford,ATL,29.0,208.28,113.398,Florida,Dominican Republic,2007,1,3,76,15.2,7.2,3.2,6.6,0.068,0.193,0.225,0.563,0.17800000000000002,2015,1
8216,Andre Drummond,DET,21.0,210.82,126.552168,Connecticut,USA,2012,1,9,82,13.8,13.5,0.7,-2.1,0.183,0.302,0.219,0.504,0.037000000000000005,2015,1
8224,Chris Bosh,MIA,31.0,210.82,106.59412,Georgia Tech,USA,2003,1,4,44,21.1,7.0,2.2,-2.2,0.036000000000000004,0.201,0.29,0.5479999999999999,0.121,2015,1
8229,Chris Paul,LAC,30.0,182.88,79.3786,Wake Forest,USA,2005,1,4,82,19.1,4.6,10.2,12.2,0.021,0.124,0.234,0.596,0.441,2015,1
8242,Carmelo Anthony,NYK,31.0,203.2,108.86208,Syracuse,USA,2003,1,3,40,24.2,6.6,3.1,-4.2,0.059,0.158,0.324,0.531,0.161,2015,1
8294,Jimmy Butler,CHI,25.0,200.66,99.79024,Marquette,USA,2011,1,30,65,20.0,5.8,3.3,4.1,0.051,0.111,0.215,0.583,0.142,2015,1
8310,Kyle Lowry,TOR,29.0,182.88,92.98636,Villanova,USA,2006,1,24,70,17.8,4.7,6.8,3.0,0.025,0.129,0.249,0.527,0.312,2015,1
8314,LaMarcus Aldridge,POR,29.0,210.82,108.86208,Texas,USA,2006,1,2,71,23.4,10.2,1.7,5.7,0.077,0.232,0.3,0.528,0.08900000000000001,2015,1
8322,LeBron James,CLE,30.0,203.2,113.398,None,USA,2003,1,1,69,25.3,6.0,7.4,9.8,0.025,0.166,0.324,0.5770000000000001,0.366,2015,1
8328,Kobe Bryant,LAL,36.0,198.12,96.161504,None,USA,1996,1,13,35,22.3,5.7,5.6,-12.2,0.022,0.166,0.343,0.477,0.3,2015,1
8329,Kawhi Leonard,SAS,24.0,200.66,104.32616,San Diego State,USA,2011,1,15,64,16.5,7.2,2.5,12.0,0.049,0.204,0.231,0.5670000000000001,0.124,2015,1
8338,Kevin Durant,OKC,26.0,205.74,108.86208,Texas,USA,2007,1,2,27,25.4,6.6,4.1,7.2,0.02,0.181,0.285,0.633,0.213,2015,1
8345,Klay Thompson,GSW,25.0,200.66,97.52228,Washington State,USA,2011,1,11,77,21.7,3.2,2.9,15.8,0.012,0.092,0.275,0.591,0.13699999999999998,2015,1
8414,Isaiah Thomas,BOS,26.0,175.26,83.91452,Washington,USA,2011,2,60,67,16.4,2.3,4.2,4.3,0.021,0.079,0.276,0.58,0.269,2015,1
8430,James Harden,HOU,25.0,195.58,102.0582,Arizona State,USA,2009,1,3,81,27.4,5.7,7.0,5.8,0.028,0.14400000000000002,0.313,0.605,0.34,2015,1
8452,Russell Westbrook,OKC,26.0,190.5,90.7184,UCLA,USA,2008,1,4,67,28.1,7.3,8.6,4.1,0.059,0.16699999999999998,0.3720000000000001,0.536,0.43,2015,1
8497,Stephen Curry,GSW,27.0,190.5,86.18248,Davidson,USA,2009,1,7,80,23.8,4.3,7.7,17.0,0.024,0.113,0.28300000000000003,0.638,0.358,2015,1
8564,Pau Gasol,CHI,34.0,213.36,113.398,None,Spain,2001,1,3,78,18.5,11.8,2.7,3.0,0.091,0.267,0.244,0.55,0.142,2015,1
8565,Paul George,IND,25.0,205.74,99.79024,Fresno State,USA,2010,1,10,6,8.8,3.7,1.0,7.0,0.051,0.189,0.327,0.4920000000000001,0.122,2015,1
8566,Paul Millsap,ATL,30.0,203.2,114.758776,Louisiana Tech,USA,2006,2,47,73,16.7,7.8,3.1,7.7,0.069,0.203,0.235,0.565,0.149,2015,1
8598,John Wall,WAS,24.0,193.04,88.45044,Kentucky,USA,2010,1,1,79,17.6,4.6,10.0,5.3,0.014,0.127,0.257,0.523,0.446,2015,1
8632,Kyrie Irving,CLE,24.0,190.5,87.543256,Duke,Australia,2011,1,1,53,19.6,3.0,4.7,5.7,0.03,0.078,0.293,0.54,0.253,2016,1
8640,LeBron James,CLE,31.0,203.2,113.398,None,USA,2003,1,1,76,25.3,7.4,6.8,11.0,0.047,0.187,0.311,0.588,0.339,2016,1
8652,Marc Gasol,MEM,31.0,215.9,115.66596,None,Spain,2007,2,48,52,16.6,7.0,3.8,-0.1,0.036000000000000004,0.202,0.239,0.528,0.195,2016,1
8687,Kyle Lowry,TOR,30.0,182.88,92.98636,Villanova,USA,2006,1,24,77,21.2,4.7,6.4,6.0,0.023,0.124,0.26,0.578,0.293,2016,1
8689,Paul George,IND,26.0,205.74,99.79024,Fresno State,USA,2010,1,10,81,23.1,7.0,4.1,3.3,0.031,0.187,0.301,0.557,0.203,2016,1
8702,Paul Millsap,ATL,31.0,203.2,111.583632,Louisiana Tech,USA,2006,2,47,81,17.1,9.0,3.3,4.0,0.083,0.213,0.24,0.556,0.162,2016,1
8743,Jimmy Butler,CHI,26.0,200.66,99.79024,Marquette,USA,2011,1,30,67,20.9,5.3,4.8,-0.8,0.035,0.116,0.245,0.562,0.218,2016,1
8747,James Harden,HOU,26.0,195.58,99.79024,Arizona State,USA,2009,1,3,82,29.0,6.1,7.5,1.2,0.022,0.157,0.325,0.598,0.354,2016,1
8759,Isaiah Thomas,BOS,27.0,175.26,83.91452,Washington,USA,2011,2,60,82,22.2,3.0,6.2,3.7,0.018000000000000002,0.08,0.293,0.562,0.312,2016,1
8782,Kawhi Leonard,SAS,25.0,200.66,104.32616,San Diego State,USA,2011,1,15,72,21.2,6.8,2.6,14.3,0.046,0.182,0.258,0.616,0.128,2016,1
8786,Kemba Walker,CHA,26.0,185.42,83.46092800000002,Connecticut,USA,2011,1,9,81,20.9,4.4,5.2,4.2,0.021,0.116,0.265,0.5539999999999999,0.253,2016,1
8794,Kevin Love,CLE,27.0,208.28,113.851592,UCLA,USA,2008,1,5,77,16.0,9.9,2.4,8.4,0.071,0.287,0.235,0.5529999999999999,0.119,2016,1
8800,Klay Thompson,GSW,26.0,200.66,97.52228,Washington State,USA,2011,1,11,80,22.1,3.8,2.1,15.7,0.015,0.1,0.264,0.597,0.094,2016,1
8805,Kevin Durant,OKC,27.0,205.74,108.86208,Texas,USA,2007,1,2,72,28.2,8.2,5.0,11.2,0.021,0.209,0.305,0.634,0.23,2016,1
8814,John Wall,WAS,25.0,193.04,88.45044,Kentucky,USA,2010,1,1,77,19.9,4.9,10.2,0.7,0.017,0.138,0.284,0.51,0.449,2016,1
8836,Russell Westbrook,OKC,27.0,190.5,90.7184,UCLA,USA,2008,1,4,80,23.5,7.8,10.4,10.8,0.061,0.17800000000000002,0.313,0.5539999999999999,0.468,2016,1
8878,DeMarcus Cousins,SAC,25.0,210.82,122.46984,Kentucky,USA,2010,1,5,65,26.9,11.5,3.3,0.0,0.078,0.274,0.35200000000000004,0.5379999999999999,0.16699999999999998,2016,1
8879,DeMar DeRozan,TOR,26.0,200.66,99.79024,Southern California,USA,2009,1,9,78,23.5,4.5,4.0,3.0,0.027000000000000003,0.116,0.297,0.55,0.208,2016,1
8882,DeAndre Jordan,LAC,27.0,210.82,120.20188,Texas A&M,USA,2008,2,35,77,12.7,13.8,1.2,10.2,0.115,0.321,0.154,0.628,0.051,2016,1
8927,Anthony Davis,NOP,23.0,208.28,114.758776,Kentucky,USA,2012,1,1,61,24.3,10.3,1.9,-4.7,0.064,0.262,0.29600000000000004,0.5589999999999999,0.1,2016,1
9008,Stephen Curry,GSW,28.0,190.5,86.18248,Davidson,USA,2009,1,7,79,30.1,5.4,6.7,18.3,0.029,0.131,0.32,0.669,0.315,2016,1
9039,Draymond Green,GSW,26.0,200.66,104.32616,Michigan State,USA,2012,2,35,81,14.0,9.5,7.4,18.9,0.056,0.222,0.18600000000000005,0.5870000000000001,0.277,2016,1
9065,Giannis Antetokounmpo,MIL,21.0,210.82,100.697424,None,Greece,2013,1,15,80,16.9,7.7,4.3,-2.6,0.047,0.202,0.223,0.5660000000000001,0.195,2016,1
9068,Gordon Hayward,UTA,26.0,203.2,102.511792,Butler,USA,2010,1,9,80,19.7,5.0,3.7,1.0,0.025,0.135,0.256,0.5589999999999999,0.181,2016,1
